id,points
TSPL02251289,58
TSPL02251300,42
TSPL0225773,41
TSPL02251927,41
TSPL0225963,35
TSPL02251441,35
TSPL0125532,33
TSPL02251355,33
TSPL012586,28
TSPL0125453,27
TSPL0125156,26
TSPL02251804,26
TSPL02251928,25
TSPL02251788,24
TSPL02251820,24
TSPL0225984,23
TSPL0125209,22
TSPL02251595,21
TSPL02251283,20
TSPL0125670,19
TSPL02251297,18
TSPL02251356,16
TSPL02251767,15
TSPL0125258,14
TSPL012512,13
TSPL02251137,13
TSPL02251371,13
TSPL0125312,11
TSPL02251043,11
TSPL02251068,10
TSPL02251628,10
TSPL02251702,9
TSPL02251789,9
TSPL0125724,9
TSPL02251619,8
TSPL0125295,8
TSPL02251950,7
TSPL02251543,5
TSPL02251818,4
TSPL02251388,3
TSPL02251046,3
TSPL02251899,3
TSPL02251889,2
TSPL0125493,0
TSPL02251875,0
TSPL0125276,0
TSPL02251807,0
TSPL02251437,-1
TSPL0225874,-3
TSPL02251946,-5
TSPL02251568,-5
TSPL02251720,-5
TSPL02251292,-6
TSPL02251641,-6
TSPL0125158,-9
TSPL0225924,-10
TSPL02251894,-10
TSPL0125641,-11
TSPL0225993,-13
TSPL012510,-15
TSPL0125400,-15
TSPL02251455,-16
TSPL0125617,-16
TSPL0125281,-18
TSPL02251914,-18
TSPL0125191,-21
TSPL01258,-21
TSPL0125396,-22
TSPL0125683,-25
TSPL02251150,-26
TSPL012569,-27
TSPL02251269,-28
TSPL0225764,-31
TSPL0125746,-32
TSPL0125285,-32
TSPL0225821,-34
TSPL0125604,-34
TSPL0125728,-35
TSPL0225902,-35
TSPL02251754,-40
TSPL02251012,-41
TSPL02251600,-42
TSPL0125304,-45
TSPL0225873,-53
TSPL0225916,-55
TSPL0125581,-57
TSPL02251340,59
TSPL0125484,59
TSPL02251413,57
TSPL02251905,44
TSPL0125393,43
TSPL02251172,39
TSPL0125151,39
TSPL02251562,39
TSPL0125345,38
TSPL02251898,34
TSPL012593,33
TSPL0225957,33
TSPL02251375,33
TSPL0125669,32
TSPL0225769,32
TSPL0125410,31
TSPL0125195,31
TSPL0125710,30
TSPL02251134,29
TSPL0125607,28
TSPL02251840,28
TSPL02251291,27
TSPL0225958,27
TSPL02251658,25
TSPL02251307,25
TSPL0125242,25
TSPL0125743,24
TSPL02251574,23
TSPL02251726,21
TSPL02251952,21
TSPL02251792,20
TSPL02251712,18
TSPL02251329,17
TSPL0125297,17
TSPL0125182,17
TSPL0225778,16
TSPL0125646,15
TSPL0125179,14
TSPL0125261,14
TSPL02251404,12
TSPL02251735,12
TSPL02251305,10
TSPL012558,10
TSPL0125616,10
TSPL012542,7
TSPL02251692,7
TSPL02251934,7
TSPL02251237,7
TSPL02251426,6
TSPL012520,6
TSPL02251728,6
TSPL0125352,5
TSPL02251873,4
TSPL0125178,4
TSPL0225798,3
TSPL0125296,3
TSPL02251537,1
TSPL0125262,1
TSPL02251919,0
TSPL0125671,0
TSPL02251158,-1
TSPL0225794,-1
TSPL02251341,-1
TSPL0225892,-2
TSPL02251723,-3
TSPL02251523,-4
TSPL02251827,-5
TSPL0125302,-5
TSPL02251558,-6
TSPL02251680,-6
TSPL02251069,-6
TSPL02251796,-7
TSPL0225823,-7
TSPL02251891,-7
TSPL012561,-8
TSPL02251675,-9
TSPL02251125,-9
TSPL02251065,-10
TSPL02251766,-10
TSPL02251379,-11
TSPL0125483,-13
TSPL02251353,-14
TSPL02251786,-15
TSPL0125464,-15
TSPL02251808,-16
TSPL012522,-16
TSPL0125601,-16
TSPL0125163,-17
TSPL0225784,-18
TSPL0225969,-20
TSPL02251234,-20
TSPL0125623,-21
TSPL0225932,-22
TSPL02251618,-23
TSPL012533,-23
TSPL02251876,-23
TSPL02251856,-24
TSPL0125628,-24
TSPL02251401,-24
TSPL012565,-24
TSPL02251025,-26
TSPL0125665,-27
TSPL0125189,-27
TSPL02251082,-27
TSPL02251336,-28
TSPL0225853,-28
TSPL0225843,-31
TSPL02251399,-32
TSPL02251611,-33
TSPL0125157,-33
TSPL02251785,-35
TSPL02251076,-37
TSPL0125266,-37
TSPL02251886,-39
TSPL0125505,-39
TSPL02251849,-42
TSPL0125223,-45
TSPL0225789,-46
TSPL012578,-48
TSPL02251853,-49
TSPL02251376,-51
TSPL02251655,-53
TSPL02251599,-56
TSPL02251546,-58
TSPL02251748,-62
TSPL02251128,58
TSPL02251626,56
TSPL0125232,37
TSPL02251780,33
TSPL02251302,32
TSPL02251512,29
TSPL0125171,28
TSPL0125748,21
TSPL02251750,19
TSPL03251973,18
TSPL0125654,15
TSPL0225960,14
TSPL03251976,11
TSPL02251803,9
TSPL02251645,7
TSPL0125112,7
TSPL0125703,3
TSPL0225842,3
TSPL02251682,1
TSPL012515,-2
TSPL02251278,-4
TSPL0125446,-8
TSPL0225809,-8
TSPL0225992,-14
TSPL02251216,-16
TSPL0225808,-16
TSPL0125440,-16
TSPL03251977,-20
TSPL02251338,-20
TSPL02251085,-21
TSPL0125621,-23
TSPL02251690,-24
TSPL0225986,-27
TSPL02251667,-35
TSPL0125147,-43
TSPL02251582,-46
TSPL02251187,-50
TSPL02251775,-61
TSPL0125544,52
TSPL0125465,49
TSPL0225987,47
TSPL02251683,45
TSPL012595,44
TSPL02251499,44
TSPL0225796,40
TSPL02251659,39
TSPL0225928,39
TSPL0125202,38
TSPL02251947,38
TSPL02251018,37
TSPL0125170,36
TSPL02251451,34
TSPL02251275,34
TSPL0125485,30
TSPL02251901,29
TSPL0225914,25
TSPL0125131,24
TSPL0125399,24
TSPL02251321,23
TSPL0125257,23
TSPL0125495,23
TSPL0125620,23
TSPL012581,21
TSPL0125144,21
TSPL02251489,20
TSPL02251377,19
TSPL0125443,19
TSPL0125477,17
TSPL02251834,17
TSPL02251169,16
TSPL02251674,16
TSPL02251717,16
TSPL02251895,16
TSPL02251817,15
TSPL02251790,14
TSPL02251627,14
TSPL0125100,13
TSPL0125566,12
TSPL02251101,12
TSPL0125520,11
TSPL02251630,10
TSPL02251368,9
TSPL0125668,9
TSPL02251337,8
TSPL0225943,7
TSPL0225787,7
TSPL02251060,6
TSPL0125651,6
TSPL0125580,5
TSPL012530,5
TSPL02251896,4
TSPL0125145,4
TSPL0125174,3
TSPL0225898,3
TSPL02251821,2
TSPL02251529,2
TSPL0125624,1
TSPL02251704,1
TSPL0125488,0
TSPL0125176,0
TSPL0125653,0
TSPL0225870,0
TSPL0225797,0
TSPL0225852,-1
TSPL0125409,-1
TSPL02251124,-2
TSPL02251621,-2
TSPL0125247,-3
TSPL02251072,-4
TSPL02251493,-5
TSPL02251160,-5
TSPL02251221,-6
TSPL02251342,-6
TSPL0125736,-6
TSPL02251238,-6
TSPL02251382,-7
TSPL02251810,-8
TSPL02251347,-8
TSPL02251177,-8
TSPL02251253,-9
TSPL02251805,-9
TSPL02251005,-9
TSPL0125482,-10
TSPL0225763,-10
TSPL0125650,-10
TSPL0125318,-12
TSPL02251518,-14
TSPL02251173,-14
TSPL02251295,-15
TSPL02251589,-15
TSPL02251591,-16
TSPL0125403,-17
TSPL02251022,-17
TSPL0125448,-17
TSPL0125310,-19
TSPL0225965,-19
TSPL02251665,-19
TSPL02251391,-20
TSPL0225806,-20
TSPL02251282,-21
TSPL02251479,-21
TSPL02251061,-23
TSPL02251811,-24
TSPL0225771,-24
TSPL02251592,-24
TSPL02251167,-24
TSPL02251706,-24
TSPL02251925,-28
TSPL0225775,-30
TSPL02251738,-30
TSPL02251254,-34
TSPL02251215,-34
TSPL02251197,-35
TSPL0125272,-36
TSPL0125161,-36
TSPL02251103,-36
TSPL02251806,-37
TSPL02251126,-41
TSPL02251531,-44
TSPL0125134,-55
TSPL0125595,-57
TSPL0125219,-71
TSPL02251466,56
TSPL0125547,46
TSPL012518,46
TSPL0125102,45
TSPL02251145,44
TSPL0125237,44
TSPL0125640,41
TSPL02251831,41
TSPL0125515,38
TSPL0125530,37
TSPL0225971,36
TSPL0125645,36
TSPL0125500,36
TSPL0125164,34
TSPL0125121,33
TSPL0125751,32
TSPL02251138,32
TSPL02251813,31
TSPL0125422,28
TSPL0125479,28
TSPL02251835,26
TSPL02251486,26
TSPL02251801,24
TSPL01253,24
TSPL02251829,23
TSPL012525,22
TSPL0125719,22
TSPL02251524,22
TSPL02251209,22
TSPL02251822,21
TSPL0125338,21
TSPL02251757,21
TSPL02251563,21
TSPL02251006,20
TSPL0125582,20
TSPL02251194,18
TSPL02251625,18
TSPL02251260,17
TSPL012594,17
TSPL02251465,17
TSPL0125474,16
TSPL02251195,16
TSPL02251637,15
TSPL0225882,14
TSPL0125286,13
TSPL0125718,12
TSPL0225860,11
TSPL0125695,11
TSPL0125519,10
TSPL02251670,8
TSPL02251696,8
TSPL0225926,8
TSPL02251252,8
TSPL0125690,8
TSPL0225925,8
TSPL02251351,7
TSPL0125366,7
TSPL02251616,7
TSPL02251815,6
TSPL0125587,6
TSPL02251174,5
TSPL02251576,4
TSPL0125689,3
TSPL02251784,3
TSPL02251794,2
TSPL0125473,2
TSPL02251421,2
TSPL02251508,2
TSPL02251181,1
TSPL02251407,1
TSPL03251978,0
TSPL02251609,0
TSPL02251661,0
TSPL02251753,0
TSPL02251154,-1
TSPL0125332,-2
TSPL0225838,-3
TSPL0125548,-3
TSPL02251459,-3
TSPL02251744,-3
TSPL02251781,-4
TSPL0125684,-5
TSPL02251357,-5
TSPL02251358,-5
TSPL02251418,-6
TSPL0125391,-6
TSPL0125487,-6
TSPL02251695,-6
TSPL0125694,-6
TSPL02251579,-6
TSPL02251833,-7
TSPL02251676,-7
TSPL0125472,-8
TSPL0125609,-10
TSPL02251764,-10
TSPL02251647,-11
TSPL0125314,-11
TSPL02251184,-11
TSPL02251601,-11
TSPL02251587,-12
TSPL02251752,-13
TSPL02251298,-14
TSPL0125714,-16
TSPL0225835,-18
TSPL02251636,-18
TSPL02251166,-19
TSPL0125225,-20
TSPL012545,-21
TSPL02251635,-22
TSPL012546,-22
TSPL02251859,-23
TSPL0125188,-23
TSPL02251606,-24
TSPL02251909,-25
TSPL02251864,-26
TSPL02251855,-26
TSPL02251602,-27
TSPL02251157,-28
TSPL02251731,-28
TSPL0125741,-28
TSPL0225855,-28
TSPL02251892,-30
TSPL0225891,-31
TSPL0125749,-31
TSPL02251741,-31
TSPL02251566,-35
TSPL012564,-35
TSPL02251498,-36
TSPL02251211,-37
TSPL0225983,-38
TSPL02251638,-39
TSPL02251756,-41
TSPL0125666,-45
TSPL02251439,-46
TSPL0125252,-46
TSPL02251761,-50
TSPL02251700,-51
TSPL02251846,-52
TSPL0125558,-52
TSPL02251763,-52
TSPL0125320,-53
TSPL0225783,-55
TSPL02251325,-57
TSPL02251842,-71
TSPL02251386,43
TSPL0125278,34
TSPL012532,31
TSPL0125622,24
TSPL02251893,21
TSPL012585,20
TSPL02251250,18
TSPL0225869,18
TSPL0125299,10
TSPL012552,8
TSPL02251256,7
TSPL02251087,6
TSPL02251858,4
TSPL0125647,2
TSPL012514,2
TSPL0225857,0
TSPL0125414,0
TSPL0125697,-1
TSPL0125517,-2
TSPL02251230,-2
TSPL02251369,-2
TSPL0225839,-3
TSPL012575,-4
TSPL02251959,-10
TSPL02251797,-14
TSPL02251746,-15
TSPL02251699,-15
TSPL02251663,-16
TSPL02251854,-18
TSPL02251776,-21
TSPL0225785,-22
TSPL02251881,-25
TSPL02251890,-25
TSPL02251290,-34
TSPL02251142,-37
TSPL0125224,-39
TSPL02251009,-48
TSPL0125450,-53
TSPL02251903,41
TSPL02251323,37
TSPL0225851,34
TSPL0225770,23
TSPL0125268,20
TSPL0225871,19
TSPL02251255,17
TSPL0125429,16
TSPL02251010,15
TSPL012577,13
TSPL02251742,13
TSPL012539,11
TSPL02251516,7
TSPL0125155,6
TSPL02251793,5
TSPL02251196,4
TSPL012538,3
TSPL0125127,0
TSPL0125384,-2
TSPL02251330,-3
TSPL0125263,-5
TSPL02251206,-10
TSPL0125241,-10
TSPL0225922,-12
TSPL0125372,-12
TSPL02251596,-17
TSPL0225765,-26
TSPL02251306,-31
TSPL02251624,-32
TSPL02251551,-37
TSPL02251532,53
TSPL012548,41
TSPL02251740,37
TSPL02251141,36
TSPL02251838,27
TSPL02251505,23
TSPL0125169,21
TSPL0125207,16
TSPL02251698,13
TSPL02251850,11
TSPL02251951,11
TSPL02251646,10
TSPL0125177,10
TSPL02251132,9
TSPL02251800,9
TSPL0125639,7
TSPL02251839,7
TSPL02251343,5
TSPL0125389,2
TSPL02251312,-4
TSPL02251954,-6
TSPL02251729,-7
TSPL02251691,-8
TSPL0125379,-8
TSPL02251502,-10
TSPL0125401,-12
TSPL02251597,-13
TSPL02251715,-13
TSPL02251809,-15
TSPL02251795,-16
TSPL02251477,-18
TSPL02251867,-20
TSPL02251367,-21
TSPL02251183,-24
TSPL02251708,-25
TSPL0125205,-28
TSPL02251519,-28
TSPL02251555,-29
TSPL0125123,-35
TSPL02251226,-36
TSPL0125172,58
TSPL0125516,41
TSPL0125709,35
TSPL0225774,32
TSPL0125113,32
TSPL02251315,30
TSPL0125125,28
TSPL0125322,21
TSPL02251739,20
TSPL0125692,16
TSPL0225762,14
TSPL02251462,12
TSPL02251281,12
TSPL02251262,11
TSPL02251474,11
TSPL02251922,10
TSPL02251848,8
TSPL0125405,8
TSPL0125298,7
TSPL012571,6
TSPL02251374,5
TSPL02251610,5
TSPL012550,3
TSPL0125143,2
TSPL02251102,1
TSPL02251079,1
TSPL0125593,-2
TSPL0125494,-3
TSPL012516,-4
TSPL02251771,-5
TSPL02251552,-6
TSPL02251940,-7
TSPL02251204,-8
TSPL02251435,-9
TSPL0125142,-10
TSPL02251494,-10
TSPL02251051,-16
TSPL0225772,-17
TSPL0225929,-20
TSPL02251949,-20
TSPL01252,-22
TSPL02251016,-24
TSPL02251774,-26
TSPL02251483,-26
TSPL0125496,-26
TSPL012579,-29
TSPL0125722,-32
TSPL0225999,-40
TSPL02251504,-40
TSPL02251584,-42
TSPL0125146,45
TSPL02251056,40
TSPL02251802,19
TSPL02251593,10
TSPL02251482,7
TSPL02251816,6
TSPL0125642,4
TSPL0225867,-4
TSPL02251586,-5
TSPL02251693,-6
TSPL02251588,-8
TSPL02251131,-8
TSPL02251419,-13
TSPL02251549,-16
TSPL02251162,-20
TSPL02251178,-21
TSPL02251725,-22
TSPL02251737,-22
TSPL0225829,-28
TSPL0225803,-35
TSPL0125218,52
TSPL0225786,51
TSPL0125211,42
TSPL0125444,39
TSPL02251545,35
TSPL0125708,34
TSPL02251844,33
TSPL0125231,33
TSPL0225959,32
TSPL0125491,32
TSPL0225906,31
TSPL012531,27
TSPL0125196,21
TSPL0125279,19
TSPL0125160,17
TSPL0125343,15
TSPL02251819,13
TSPL02251585,13
TSPL0125357,12
TSPL0125757,12
TSPL02251617,12
TSPL0125293,12
TSPL02251883,11
TSPL0225777,10
TSPL0125128,7
TSPL02251326,7
TSPL02251749,6
TSPL0125240,6
TSPL02251165,5
TSPL0125208,5
TSPL02251565,5
TSPL0125526,4
TSPL02251677,3
TSPL02251528,3
TSPL02251860,2
TSPL0125551,1
TSPL0225830,0
TSPL02251118,-2
TSPL02251424,-3
TSPL02251649,-3
TSPL012534,-4
TSPL0125212,-5
TSPL02251758,-6
TSPL0125256,-8
TSPL02251488,-8
TSPL02251373,-8
TSPL0125657,-9
TSPL0125350,-9
TSPL02251429,-10
TSPL012563,-12
TSPL02251554,-14
TSPL02251863,-15
TSPL0125149,-16
TSPL02251824,-16
TSPL02251960,-20
TSPL0125323,-21
TSPL02251284,-23
TSPL0125538,-23
TSPL02251847,-24
TSPL02251929,-24
TSPL02251538,-25
TSPL0125742,-25
TSPL0125387,-26
TSPL02251872,-34
TSPL02251345,-34
TSPL02251397,-47
TSPL02251882,33
TSPL02251823,10
TSPL02251179,5
TSPL012592,5
TSPL02251888,4
TSPL02251171,0
TSPL03251971,-9
TSPL02251240,-13
TSPL02251688,-13
TSPL02251248,-15
TSPL0125122,34
TSPL0125574,31
TSPL02251650,31
TSPL0125660,30
TSPL0125476,28
TSPL0225988,27
TSPL02251556,24
TSPL0125686,23
TSPL0125192,22
TSPL02251417,21
TSPL02251580,20
TSPL0125246,20
TSPL012536,17
TSPL0125560,17
TSPL0125116,16
TSPL02251198,15
TSPL02251480,14
TSPL02251084,14
TSPL02251571,14
TSPL02251787,14
TSPL0125432,14
TSPL02251716,13
TSPL02251394,12
TSPL0225920,11
TSPL0125150,9
TSPL0125280,9
TSPL02251779,9
TSPL02251393,8
TSPL02251906,7
TSPL0125467,7
TSPL02251074,6
TSPL0225854,5
TSPL0125734,4
TSPL02251313,4
TSPL02251301,2
TSPL0125678,0
TSPL0225865,0
TSPL03251974,-3
TSPL02251039,-5
TSPL0125507,-5
TSPL02251081,-5
TSPL02251701,-7
TSPL0225935,-7
TSPL02251117,-8
TSPL0125117,-8
TSPL02251961,-10
TSPL02251633,-12
TSPL02251924,-15
TSPL0225923,-15
TSPL02251515,-16
TSPL02251052,-17
TSPL02251026,-17
TSPL02251287,-21
TSPL02251540,-24
TSPL02251871,-24
TSPL0225831,-28
TSPL02251350,-40
TSPL0225962,-40
TSPL02251887,31
TSPL0125361,29
TSPL02251765,25
TSPL0125754,22
TSPL0125554,14
TSPL012521,13
TSPL0125606,13
TSPL012544,12
TSPL0125659,6
TSPL02251603,5
TSPL02251245,3
TSPL02251578,2
TSPL02251259,1
TSPL0125509,1
TSPL02251335,0
TSPL02251791,-2
TSPL02251714,-3
TSPL0125533,-5
TSPL02251884,-6
TSPL0125138,-8
TSPL02251438,-9
TSPL0225799,-9
TSPL02251559,-10
TSPL02251910,-10
TSPL02251207,-11
TSPL02251832,-11
TSPL0125750,-12
TSPL0225861,-12
TSPL02251203,-13
TSPL02251370,-14
TSPL0225781,-17
TSPL0225973,-17
TSPL012537,-19
TSPL0125755,-21
TSPL02251885,-22
TSPL0125752,-24
TSPL0125315,-24
TSPL02251608,-27
TSPL0125613,-30
TSPL0125426,-34
TSPL02251604,-38
TSPL02251541,-39
TSPL02251759,-41
TSPL0225947,-47
TSPL0125424,52
TSPL0125618,38
TSPL0225804,36
TSPL0125420,33
TSPL0125661,31
TSPL0125504,31
TSPL0125562,25
TSPL0125194,24
TSPL02251378,24
TSPL02251267,20
TSPL0125249,16
TSPL02251814,16
TSPL0225981,15
TSPL0125527,14
TSPL0125630,13
TSPL02251874,13
TSPL0125702,12
TSPL0125635,12
TSPL0125421,11
TSPL02251013,10
TSPL0125691,9
TSPL0125648,9
TSPL02251457,9
TSPL02251188,8
TSPL02251334,8
TSPL0125585,7
TSPL02251557,7
TSPL0125557,5
TSPL0125535,1
TSPL0125418,1
TSPL0125711,0
TSPL02251711,0
TSPL02251713,-3
TSPL02251868,-3
TSPL02251575,-3
TSPL0225907,-4
TSPL0125436,-4
TSPL0225800,-6
TSPL02251930,-6
TSPL012574,-8
TSPL02251544,-9
TSPL02251632,-9
TSPL0125590,-9
TSPL0125614,-10
TSPL02251755,-11
TSPL02251870,-12
TSPL0125632,-15
TSPL0125175,-16
TSPL0125528,-17
TSPL0125452,-19
TSPL02251032,-20
TSPL0125649,-20
TSPL02251332,-24
TSPL02251219,-25
TSPL02251348,-26
TSPL02251073,-27
TSPL02251164,-29
TSPL0225780,-30
